{
  "n_anomalies": 316,
  "pct_anomalies": 5.009511731135067,
  "residual_stats": {
    "CO_ppm": {
      "mean": -1.0530076026916504,
      "std": 52.511573791503906
    },
    "Ethylene_ppm": {
      "mean": 0.09195707738399506,
      "std": 1.6801044940948486
    }
  }
}