{
  "n_anomalies": 314,
  "pct_anomalies": 5.013571770716909,
  "residual_stats": {
    "Methane_ppm": {
      "mean": -30.6612548828125,
      "std": 29.981746673583984
    },
    "Ethylene_ppm": {
      "mean": 0.14925870299339294,
      "std": 1.9392448663711548
    }
  }
}