{
  "Methane_ppm": {
    "features": [
      "ratio_2610_2620",
      "Sensor_10_mean30_abs_velocity",
      "Sensor_06",
      "time_since_transition",
      "Sensor_13_mean3_acceleration",
      "Sensor_10_mean30_recent_std",
      "Sensor_13",
      "std_tgs2620",
      "Sensor_03_mean5_acceleration",
      "Sensor_10_std30_vs_baseline",
      "Sensor_14_std30_velocity",
      "Sensor_07_max3",
      "Sensor_01_mean20_vs_baseline",
      "Sensor_15_mean30_vs_baseline",
      "Sensor_14_diff",
      "Sensor_06_min5_acceleration",
      "Sensor_13_diff",
      "Sensor_13_std30_velocity",
      "Sensor_12_min3",
      "Sensor_13_std3_velocity"
    ],
    "importance": [
      0.05781267210841179,
      0.023933663964271545,
      0.023734640330076218,
      0.021578172221779823,
      0.019441278651356697,
      0.019382180646061897,
      0.017976144328713417,
      0.017020754516124725,
      0.016952544450759888,
      0.015840649604797363,
      0.014066755771636963,
      0.011343336664140224,
      0.009477084502577782,
      0.009340221993625164,
      0.009242779575288296,
      0.009229632094502449,
      0.009202140383422375,
      0.009125418029725552,
      0.008506543934345245,
      0.008503694087266922
    ]
  },
  "Ethylene_ppm": {
    "features": [
      "Sensor_15_max3",
      "Sensor_06_mean20",
      "Sensor_15_diff_vs_baseline",
      "Sensor_15",
      "Sensor_15_lag1",
      "Sensor_16_mean20_acceleration",
      "Sensor_15_mean3",
      "Sensor_06_max30",
      "Sensor_06_mean30",
      "Sensor_16_mean5_acceleration",
      "Sensor_11_min3_velocity",
      "Sensor_13_max30",
      "Sensor_11_min5_vs_baseline",
      "Sensor_05_abs_velocity",
      "Sensor_15_mean30_acceleration",
      "Sensor_05_lag15_trend5",
      "Sensor_13_lag15_trend5",
      "Sensor_12_std30_vs_baseline",
      "Sensor_15_mean20_velocity",
      "Sensor_11_mean5_acceleration"
    ],
    "importance": [
      0.06455662101507187,
      0.0447273924946785,
      0.04083648696541786,
      0.033601973205804825,
      0.02833184041082859,
      0.02696116454899311,
      0.02234390377998352,
      0.018005210906267166,
      0.013838746584951878,
      0.012710746377706528,
      0.012110894545912743,
      0.011116556823253632,
      0.010616435669362545,
      0.010600670240819454,
      0.010310306213796139,
      0.01021589431911707,
      0.009009093046188354,
      0.008776332251727581,
      0.007702765520662069,
      0.007119562942534685
    ]
  }
}