{
  "CO_ppm": {
    "features": [
      "Sensor_06_max3",
      "Sensor_06",
      "Sensor_06_min20_velocity",
      "Sensor_10_max3_vs_baseline",
      "Sensor_06_min3_velocity",
      "Sensor_01_trend5",
      "Sensor_10_max5_trend5",
      "Sensor_01_min10_velocity",
      "Sensor_01_vs_baseline",
      "Sensor_01_lag1_trend5",
      "Sensor_01_max20_vs_baseline",
      "Sensor_01_max3_trend5",
      "Sensor_01_mean3_velocity",
      "Sensor_03_max3",
      "Sensor_06_min10_velocity",
      "Sensor_08_max30",
      "Sensor_10_mean10",
      "Sensor_07_max5",
      "Sensor_06_min5_velocity",
      "Sensor_01_mean30_vs_baseline"
    ],
    "importance": [
      0.0729859247803688,
      0.03737547993659973,
      0.026668021455407143,
      0.024950893595814705,
      0.023142967373132706,
      0.022879377007484436,
      0.02199871838092804,
      0.021404169499874115,
      0.018141096457839012,
      0.01689288020133972,
      0.015293101780116558,
      0.013666918501257896,
      0.013172654435038567,
      0.013043937273323536,
      0.009890705347061157,
      0.00979093462228775,
      0.00954221747815609,
      0.009477326646447182,
      0.009069457650184631,
      0.008493940345942974
    ]
  },
  "Ethylene_ppm": {
    "features": [
      "std_tgs2602",
      "Sensor_07_max10_trend5",
      "Sensor_07_min5_velocity",
      "Sensor_07_mean3_velocity",
      "Sensor_07_velocity",
      "Sensor_07_max3_trend5",
      "Sensor_08",
      "Sensor_08_min20_velocity",
      "Sensor_04_mean30",
      "Sensor_07_min20_velocity",
      "Sensor_11_max30_trend5",
      "Sensor_15_max3_velocity",
      "Sensor_15_min20_abs_velocity",
      "Sensor_08_max20_velocity",
      "Sensor_01_max3",
      "Sensor_07_diff",
      "Sensor_07",
      "Sensor_07_max3_velocity",
      "Sensor_08_min20_recent_std",
      "Sensor_06_max10_vs_baseline"
    ],
    "importance": [
      0.043100688606500626,
      0.04022189602255821,
      0.02729385532438755,
      0.0263085775077343,
      0.026250338181853294,
      0.02423541061580181,
      0.02199111506342888,
      0.021464701741933823,
      0.020959246903657913,
      0.020867740735411644,
      0.018827181309461594,
      0.017159391194581985,
      0.01614571548998356,
      0.015717463567852974,
      0.01499844714999199,
      0.014146149158477783,
      0.013490071520209312,
      0.012213291600346565,
      0.010998637415468693,
      0.01052306778728962
    ]
  }
}